nombreTitularTarjeta,numeroTarjeta,fechaCaducidadTarjeta,Cvv,SaldoTarjeta
Shaylynn Jollie,1567248899169707,2025-01-02,125,"€4655,03"
Jade Scopham,6828838848819978,2025-10-28,212,"€3154,88"
Fern Honacker,1667724741411194,2028-08-13,124,"€2211,51"
Amalie Mattecot,1286101236085258,2024-10-23,360,"€4503,41"
Malory Buddleigh,3913368060356872,2027-10-13,330,"€1271,55"
Chloe Cappleman,1432709523561032,2025-08-14,892,"€1912,83"
Cecilio Purdom,2274763259508993,2027-02-06,709,"€4081,11"
Sig Mac Giolla Pheadair,4916017284515617,2024-12-08,134,"€3642,47"
Debra Delgaty,7461247618077823,2027-09-24,246,"€2208,02"
Hal Penley,6119132119340925,2028-01-21,52,"€4503,30"
Kora Toulamain,3165033769293244,2030-03-02,337,"€1934,87"
Rudy Nell,7989719917696559,2024-08-10,880,"€1652,76"
Annissa Juza,1423306534214641,2027-11-14,111,"€4766,34"
Shayla Hainey`,2211537788741225,2026-03-01,38,"€1876,72"
Ebba Bittlestone,1318993427835336,2027-02-16,826,"€3703,71"
Wilek Sant,4219586382896102,2024-03-21,463,"€3767,96"
Giusto Loughlan,7479999824939678,2030-02-14,673,"€2967,91"
Jorie Lain,4085322316935930,2029-12-15,204,"€1139,64"
Eustace Laughnan,8025747655483124,2027-12-02,178,"€4535,19"
Jacinda O'Beirne,5826952158731159,2027-05-18,751,"€2514,81"
Gunilla Ayllett,6132987124166810,2030-02-25,336,"€626,12"
Myrlene Erwin,9825176786546571,2027-04-29,877,"€1651,21"
Abdel Eivers,8360605851699901,2025-02-06,588,"€155,33"
Skyler Forsaith,9603410094995498,2026-08-21,702,"€1745,07"
Darcy Rigler,3807081435074168,2027-12-08,243,"€2913,53"
Netty Earley,8886080619766519,2026-03-29,951,"€2217,29"
Angelia Starkey,3943100701651426,2030-01-08,504,"€3971,54"
Corrine Gait,8665178124101455,2025-05-03,456,"€434,42"
Traci Meenehan,7619596401316142,2030-01-23,936,"€4045,60"
Arley Augur,9764517240771355,2029-07-09,437,"€2704,79"
Ailbert Brockton,2948767117848103,2029-08-29,87,"€3067,69"
Mart Mithun,5246077608337685,2027-04-12,981,"€3897,78"
Keriann Zimmer,7039943689681523,2026-02-12,361,"€2174,73"
Rozele de Wilde,9522071212095478,2027-10-31,451,"€2402,85"
Gay Cowton,9818363059043401,2028-11-04,305,"€4227,66"
Marji Wixey,3778656192149451,2025-05-16,555,"€4239,33"
Merv Bruckner,7912780005180936,2027-08-21,278,"€224,38"
Vannie Lodin,6281357901358134,2025-05-11,959,"€826,52"
Toni Touson,2199351298464471,2026-01-27,109,"€3130,80"
Gerti Sandyford,7401740971928796,2027-07-21,490,"€2277,72"
Sofie Duckering,1370481662168176,2024-12-22,969,"€1756,60"
Michel Corp,5332332673365597,2027-04-26,649,"€3055,43"
Belita Steketee,6345253660761891,2027-10-29,825,"€2675,84"
Dominique Scarratt,2793267490884575,2027-04-03,245,"€3763,61"
Thalia Nanson,2917547197229214,2026-02-13,261,"€4024,68"
Lila Keetch,4805835531241458,2027-10-13,748,"€3610,18"
Kristine Simmill,8443089958661943,2025-05-16,440,"€4532,80"
Gabbie Colvine,2943890100721880,2028-09-28,431,"€3904,04"
Cele Holborn,2530259034533325,2024-07-21,157,"€4469,24"
Leicester Gegay,6598674428627797,2026-01-29,538,"€3851,40"
Hortensia Schooling,3157504550804825,2028-10-21,257,"€736,62"
Laure Capey,8925536204028729,2024-10-26,290,"€4719,04"
Gian Jiri,1618054397351849,2025-11-09,815,"€1572,99"
Mireielle Lehrle,2420152597273022,2029-11-09,479,"€3182,63"
Cati Pendlenton,7965565694679821,2025-02-20,998,"€2622,44"
Adella Puncher,6372802732268025,2025-07-29,553,"€376,42"
Kev Waddy,2198660428836748,2030-01-20,323,"€1899,87"
Walden Novello,5721176565987592,2029-05-26,954,"€3672,05"
Jenna Fielding,7370020227732140,2024-09-13,453,"€2782,38"
Calhoun Obin,4486764653173427,2025-07-29,76,"€3803,29"
Richmound Devonport,6727882775139099,2027-04-14,276,"€2778,68"
Nedi Pothbury,8034946468210205,2027-06-10,764,"€3755,39"
Teodoor De Giorgi,5945957375669906,2029-02-13,745,"€2066,95"
Bernadina Kingdon,9374477504206277,2026-02-08,290,"€489,90"
Thatch Yosselevitch,6119723279184160,2030-01-16,367,"€3459,66"
Nikola MacBarron,6657639428501164,2027-11-30,624,"€2899,74"
Uta Bidewell,2270656298528280,2028-04-20,369,"€4915,20"
Dorella O'Shiels,7107422210986491,2028-02-27,132,"€1982,76"
Stanton Pundy,3388802447800286,2024-04-21,805,"€1225,80"
Gregoor Chisman,1385168085319403,2026-12-23,295,"€3290,56"
Regina Stanistrete,1028088212053559,2027-08-14,681,"€4614,46"
Trudi Fasler,6155993247068284,2029-08-14,92,"€619,66"
Drew Madre,4268343233034895,2027-02-17,637,"€2729,24"
Marge Streatley,8653736756213731,2025-01-09,894,"€3878,54"
Hernando Carney,6054356048990949,2025-05-14,37,"€966,31"
Lethia Winnett,2290949839362492,2025-08-01,855,"€4673,20"
Angil D'Aeth,9918375879021613,2028-06-22,25,"€3022,18"
Inigo Pinnere,3250542268566410,2025-02-22,775,"€83,48"
Christian Yurukhin,8884310011447060,2024-11-30,444,"€3463,12"
Alec Harraway,6160219335780294,2026-07-01,296,"€235,16"
Courtney Rowsell,9209964576848828,2027-04-17,621,"€4263,29"
Roscoe Dooler,8905648404840123,2028-05-30,536,"€3119,16"
Bonni Han,7661918338498910,2026-12-01,774,"€4295,39"
Barrie Glendinning,1176932203688044,2027-05-04,97,"€1092,06"
Phil Linnit,2942944711010802,2025-01-26,734,"€3205,70"
Bambie Naughton,6938627116667470,2028-07-28,756,"€2490,67"
Clem Heinish,5585534463765273,2030-03-12,733,"€3051,16"
Suzette Almey,4393747131664207,2027-04-09,877,"€2406,68"
Delora Welford,9491052236735176,2027-06-07,39,"€879,19"
Nowell Egell,5413030249810659,2025-05-09,129,"€3586,11"
Giovanni Hanniger,4276622196199042,2028-02-25,699,"€4390,15"
Basil Davis,3728895176530468,2028-01-17,63,"€3736,27"
Gan Renzullo,8996845428832712,2029-03-19,26,"€3187,20"
Gerik Glyn,5447999900364419,2030-01-20,153,"€1239,37"
Rica Arckoll,2483221597187427,2028-01-03,616,"€1903,51"
Meriel Mearns,8638544970710563,2025-11-30,174,"€3832,49"
Betsey Armit,7552575026565612,2024-10-03,954,"€3250,66"
Ronalda Liddyard,2624664095832288,2024-08-08,359,"€1842,78"
Katheryn Haet,5391484607655112,2025-08-19,907,"€4883,49"
Neall Cater,5729473574233922,2026-12-25,646,"€3408,76"
Arlina Mewha,8273670630368785,2029-02-07,329,"€4937,21"
Arvin Betty,9413794301837959,2027-09-27,22,"€1586,21"
Tabby Halm,1945194438723776,2026-11-05,745,"€1012,85"
Dannel O'Hegertie,7871517618398309,2024-07-07,801,"€1653,86"
Jeri Cozby,4788184146420648,2025-12-03,503,"€3341,33"
Peria McClay,7287490374844967,2026-04-23,317,"€1972,80"
Adela Conechie,1621073093064819,2024-12-11,183,"€3320,69"
Remus Oakshott,4988500599862876,2029-03-08,543,"€4338,03"
Gram Chalcroft,5436251418559274,2029-03-02,2,"€1965,57"
Mandie Regitz,4724565032315361,2027-12-06,32,"€4914,00"
Lenna Esmond,7132393467032663,2029-08-06,965,"€3546,23"
Rollin Lutzmann,7011710598306842,2025-01-28,189,"€4258,82"
Maxi Cisson,7404397861798882,2024-07-01,139,"€3282,81"
Nellie Shirley,8416258762553633,2026-03-02,858,"€1684,08"
Martin Giovanetti,4531137531170665,2028-02-09,662,"€4523,46"
Scarlet Brooking,2309485770169697,2028-01-24,218,"€4919,30"
Addison Boakes,8268103117836600,2027-12-10,652,"€2737,20"
Gilberto Kepling,2689527920529352,2026-01-06,332,"€4972,13"
Fayth Bowering,8514593001281282,2026-04-12,678,"€1564,79"
Wells Catlow,6623432393575383,2029-11-09,217,"€4720,08"
Dorry Marrows,5213303163039887,2025-01-06,857,"€1643,11"
Evin D'Ambrosio,9680282798798187,2028-07-09,711,"€1101,73"
Welbie Stancliffe,4115685599782978,2029-10-15,329,"€2167,20"
Archibald Brotherwood,7414465115715980,2028-01-18,839,"€2026,01"
Blithe Stoade,4696728620944103,2029-11-26,243,"€3835,13"
Stillmann Soigoux,3455697593478501,2027-03-30,700,"€552,55"
Monti Islep,8511470542577805,2024-07-11,870,"€3830,79"
Marney Strike,5300406122388474,2025-01-21,794,"€1779,50"
Rutledge Nerval,8588765502178685,2026-02-25,507,"€353,93"
Vevay Placido,9351911268573951,2030-03-09,767,"€1309,73"
Dollie Loftus,7263621152434432,2026-12-14,49,"€841,58"
Neala Pavlishchev,5283030599201618,2027-02-10,115,"€952,28"
Lowrance Smead,6734693255260487,2025-06-03,881,"€1201,96"
Marsh Anstiss,9190686099790835,2028-04-02,935,"€4577,08"
Myranda O'Hanley,6660423900368980,2026-09-03,201,"€540,43"
Talyah Attaway,3942319319249631,2026-09-19,726,"€1562,03"
Zachery Poulston,2230573413763899,2025-11-18,628,"€2572,10"
Lefty Domingues,8540181649662375,2028-05-23,277,"€2787,32"
Humberto Cayser,6011395033590846,2026-03-04,67,"€3296,72"
Daveta Almeida,1566776793430517,2024-06-19,740,"€1267,67"
Georgia Reef,9182987046631090,2028-06-13,348,"€3172,69"
Bianka Mahady,8386632795470440,2027-03-06,577,"€3409,01"
Alvie Frisby,9911108727762672,2025-01-13,185,"€3654,73"
Elwyn De Andisie,1245048104037772,2029-12-03,282,"€2531,01"
Shelley Blunsen,1299794804715610,2024-11-06,370,"€4178,67"
Costa Harbin,9924399333558552,2030-02-24,80,"€604,76"
Sibelle Ivancevic,6311541319828710,2024-08-21,852,"€458,28"
Elfrida Macellar,3602034642190606,2024-08-09,50,"€3944,20"
Sven Lowmass,4505177618187155,2026-06-06,948,"€973,91"
Ashlen Nunnerley,4783774356164937,2027-12-07,628,"€385,60"
Ewart Champney,6587407296306833,2029-02-05,85,"€390,03"
Arnuad Carley,3105659596051837,2027-04-24,815,"€165,49"
Penn Erskine,6738575836628899,2026-02-04,112,"€3479,64"
Myrlene Dyshart,3983011048410366,2026-06-22,124,"€4062,55"
Sharon Upshall,7798392701025287,2025-12-21,617,"€175,37"
Ruthi Bentick,4852957892662226,2027-11-21,179,"€4850,16"
Jorry Carreck,5439465207901175,2030-01-29,644,"€4935,03"
Farrand Poytress,5758245410241790,2025-01-03,764,"€1891,36"
Hurlee Cramp,2045946366959597,2026-09-01,382,"€1447,75"
Jack Querree,8944573260795487,2026-03-06,645,"€1706,65"
Helga Barribal,3584925822482065,2027-05-10,161,"€544,84"
Hildegaard Hek,1273651697560375,2028-09-16,426,"€262,12"
Orv Rosle,9045226052338433,2025-05-19,552,"€902,69"
Yettie holmes,2220917721717825,2024-10-24,387,"€3972,56"
Kiersten Necolds,5483989803024354,2024-07-16,799,"€3497,82"
Christy Garlinge,1940398858862881,2028-10-11,564,"€3081,85"
Norine Ravel,8466333035389188,2026-04-21,886,"€782,35"
Towny Darcey,5274526477662649,2030-01-15,145,"€3420,35"
Aubine Brignall,8147808295491212,2026-11-30,897,"€3078,65"
Tammy Bassham,9521411248793816,2024-06-28,76,"€2331,66"
Fiann Schwand,4401050321578787,2027-04-08,161,"€4543,21"
Berkley Cunnah,3332663647227676,2028-10-30,185,"€2758,54"
Sigismond Ivanishin,6480214373318767,2026-10-26,704,"€935,67"
Shelby Franzelini,5684715172387180,2027-03-22,109,"€4115,22"
Daniele Josifovic,3064697886798584,2024-10-12,884,"€3404,51"
Osgood Geard,1978789389697142,2026-09-14,924,"€1763,46"
Almeta Lillegard,6752592403371877,2024-10-20,920,"€3880,59"
Leupold Hillam,1308168546951065,2024-05-14,136,"€4786,87"
Carolynn Staner,9634293453292910,2028-10-02,866,"€1100,47"
Kennedy Shawdforth,4155037669716506,2026-08-07,354,"€2757,48"
Kellby Hazael,4635035039453958,2028-02-15,265,"€622,20"
Gracia McPike,4435390157039115,2024-11-11,344,"€3585,51"
Lucio Braddock,7332953738465584,2028-01-28,8,"€4767,99"
Addi Duffield,5180711955774920,2028-12-14,533,"€884,82"
Quillan Buckbee,9532603397448285,2026-04-12,594,"€3707,85"
Harald Sinkins,4083198261672937,2026-04-26,867,"€2478,66"
Ly Iori,8545189975660855,2027-11-20,652,"€48,24"
Cullen Dagnall,2998507507229788,2026-11-23,557,"€1049,40"
Tucky Dunbabin,8623732281145447,2028-05-28,148,"€1886,12"
Babbie East,1032182006010819,2029-05-15,509,"€3401,85"
Ludvig Halle,3106321477292506,2025-08-24,687,"€4186,77"
Aurelie Last,8456511661355509,2028-02-08,391,"€1873,96"
Abeu Copson,4450846037217420,2024-08-25,30,"€2088,95"
Kayne Hubane,7221430315890014,2024-03-18,977,"€606,47"
Cosimo Budgen,4890790157587964,2027-01-28,366,"€1226,98"
Dillon Bettinson,7373179918274845,2029-12-16,509,"€127,54"
Beltran Camings,7394765101145684,2024-05-15,198,"€4011,97"
Catarina Vobes,1876534401813528,2030-01-07,999,"€2383,34"
Mace Sidnall,7407306155250781,2027-08-28,519,"€2339,15"
Corbett Juszczyk,7187968297098401,2025-04-03,561,"€4805,73"
